"id";"productID";"name";"sku";"cost";"salesPrice"
1;12091174;"Table";"72654251";65.29;690.64
2;60932908;"Table";"82624481";53.54;379.79
3;42984736;"Mouse";"36216765";95.04;759.55
4;76227620;"Keyboard";"14820010";86.71;418.25
5;08678381;"Fish";"90244643";91.22;620.17
6;22497414;"Towels";"94693814";96.88;758.44
7;37218113;"Bacon";"87849493";77.22;902.57
8;83301070;"Chair";"90768901";41.72;659.42
9;10210384;"Tuna";"12238744";87.06;908.96
10;04700172;"Salad";"34121958";47.33;140.03
11;88835920;"Bacon";"14213108";21.24;276.48
12;50491861;"Salad";"05802547";52.95;976.39
13;04642056;"Gloves";"87282816";73.49;504.95
14;25485103;"Hat";"90368581";64.27;839.13
15;95173102;"Shoes";"21731201";46.25;295.30
16;35763774;"Pizza";"47459015";71.71;278.90
17;18050089;"Towels";"89244423";74.55;744.35
18;39537269;"Sausages";"73401996";56.20;953.51
19;18631973;"Bacon";"78900408";22.73;444.48
20;50546006;"Car";"71536831";44.34;454.86
21;96215613;"Hat";"41881799";2.45;174.52
22;10368994;"Shirt";"02001868";57.27;966.94
23;14474644;"Chair";"65402599";83.34;705.49
24;23337970;"Towels";"67699230";82.94;277.42
25;17053337;"Soap";"76316257";18.63;522.59
26;38460974;"Fish";"67976216";90.68;862.55
27;38988212;"Sausages";"73030787";18.76;968.48
28;34029516;"Keyboard";"38305282";66.43;938.09
29;67828373;"Sausages";"66908722";16.08;353.35
30;84183149;"Bacon";"75639512";7.83;791.41
31;58758455;"Gloves";"80852961";24.08;282.59
32;84385036;"Chips";"94380457";72.40;948.79
33;75586635;"Bike";"58441625";20.45;746.55
34;01003774;"Pizza";"00695610";2.63;725.65
35;79892213;"Car";"73385710";89.68;720.38
36;33798840;"Table";"71666267";61.50;152.46
37;83121278;"Table";"67065243";59.00;992.98
38;24426358;"Pizza";"11154810";79.54;677.22
39;95420274;"Gloves";"14755733";24.92;758.58
40;85886082;"Computer";"25356185";26.90;987.11
41;14179366;"Chair";"58219652";17.34;772.47
42;16353415;"Towels";"92274991";35.64;985.73
43;92486240;"Cheese";"20981008";14.19;260.93
44;96953129;"Shoes";"16384949";62.04;131.90
45;56936157;"Table";"00205817";7.95;854.68
46;94002184;"Pants";"73556666";2.68;690.38
47;60670389;"Mouse";"19726359";31.89;146.15
48;38106598;"Pizza";"98573840";78.59;931.62
49;24198602;"Pizza";"48831335";13.32;991.62
50;79782764;"Hat";"23802436";37.23;261.12
51;44337647;"Mouse";"32964826";85.38;853.02
52;66913803;"Towels";"84462387";27.64;200.39
53;87298049;"Towels";"55868040";97.97;751.14
54;98073995;"Computer";"01120108";37.58;820.12
55;29909251;"Shirt";"19597610";63.78;105.26
56;39198949;"Tuna";"30846063";42.48;223.75
57;49286578;"Shirt";"30235019";46.17;844.84
58;80787057;"Ball";"95219575";30.08;597.30
59;24122947;"Ball";"09544499";42.09;837.44
60;32505647;"Car";"60899084";42.78;916.04
61;30652154;"Pizza";"83404877";5.59;788.09
62;64970035;"Table";"74749831";59.89;940.28
63;64951247;"Soap";"14961495";66.73;989.88
64;02510958;"Pizza";"29220085";85.03;817.67
65;45397045;"Bike";"10625417";6.84;193.39
66;86242419;"Pizza";"84833727";93.26;425.05
67;59697748;"Bacon";"22400172";13.39;800.40
68;53271566;"Chicken";"19214391";97.76;459.24
69;93405445;"Tuna";"52654485";87.18;872.39
70;36563965;"Shirt";"20916537";62.54;352.34
71;69719110;"Computer";"82993430";75.50;800.42
72;55429878;"Table";"96984526";25.93;603.96
73;65102576;"Computer";"21358942";19.76;357.61
74;09271378;"Shirt";"93253580";29.89;990.43
75;75588168;"Chicken";"11771330";42.56;552.14
76;38701726;"Bike";"04160588";84.83;106.56
77;34232194;"Shoes";"45969347";51.47;763.37
78;46382201;"Hat";"80768969";24.76;601.69
79;39853767;"Bike";"42450295";83.54;766.05
80;42333425;"Table";"73416789";50.30;253.08
81;68049870;"Chips";"97543485";84.40;389.89
82;53963368;"Keyboard";"69564580";3.09;301.51
83;75391086;"Car";"41619643";50.30;196.68
84;76750929;"Table";"83822709";90.17;560.06
85;04942179;"Soap";"62819404";78.90;956.25
86;59733667;"Hat";"06484644";35.35;801.60
87;27632005;"Gloves";"35602648";24.31;591.76
88;69617803;"Computer";"51723880";24.33;492.33
89;21796683;"Keyboard";"14885226";95.07;665.72
90;26196508;"Tuna";"24221133";47.35;926.84
91;24440748;"Chicken";"58520727";35.95;871.15
92;59254935;"Shirt";"81602780";40.37;654.28
93;39535163;"Soap";"85544299";9.84;586.28
94;08492556;"Cheese";"24592408";41.71;336.14
95;50349317;"Soap";"29224295";49.63;414.71
96;69847766;"Shirt";"73960516";74.11;431.03
97;05847020;"Ball";"98524852";5.05;785.22
98;30970714;"Chips";"86824324";79.32;819.74
99;47065217;"Chair";"15257561";52.68;159.94
100;95018036;"Shoes";"15535229";93.55;715.04
101;28816479;"Pants";"44952257";24.41;632.61
102;93085569;"Soap";"59192315";89.57;498.31
103;53432781;"Shoes";"84766043";99.19;919.48
104;78525485;"Towels";"07641190";18.97;268.36
105;13808913;"Gloves";"86050805";39.86;174.17
106;08588197;"Towels";"84805346";15.37;660.82
107;55838136;"Mouse";"37335075";16.21;386.81
108;96654085;"Hat";"34714470";14.35;745.21
109;06987393;"Tuna";"44444274";15.34;370.32
110;48870102;"Salad";"78990005";52.68;691.51
111;12663499;"Chips";"71665501";23.44;802.70
112;77112751;"Shirt";"81648474";62.41;653.02
113;34171962;"Towels";"54755449";6.17;868.90
114;24141300;"Sausages";"27840762";8.29;507.44
115;48096889;"Tuna";"47414621";47.23;661.51
116;02264596;"Hat";"81771775";50.88;788.86
117;46066570;"Salad";"14591276";40.97;934.56
118;40552123;"Chicken";"97045085";45.84;847.57
119;70031562;"Bike";"72305150";22.43;943.64
120;90346016;"Pizza";"89310991";36.71;542.00
121;07998003;"Sausages";"21253866";56.65;573.23
122;57447199;"Chair";"23543857";41.81;928.80
123;13046945;"Car";"99745380";26.29;208.91
124;85268997;"Shoes";"39311311";9.64;904.49
125;93690454;"Cheese";"05971504";14.66;383.85
126;55261235;"Pants";"45516661";48.95;149.52
127;99387443;"Towels";"27522152";65.46;342.14
128;18978587;"Ball";"99911760";78.73;743.99
129;44534845;"Computer";"32431523";81.73;956.62
130;30417287;"Chicken";"82821694";93.94;684.73
131;65452602;"Mouse";"46261494";77.39;340.01
132;80627690;"Keyboard";"93532495";5.46;689.87
133;62424855;"Sausages";"54452985";37.03;182.13
134;18178528;"Car";"89275922";27.98;608.40
135;33210935;"Towels";"45008234";21.16;285.14
136;15965914;"Computer";"65948790";95.58;977.91
137;93516806;"Chair";"46997537";61.97;710.55
138;44671008;"Soap";"77409108";96.27;533.46
139;91940090;"Towels";"37906692";94.24;684.76
140;86423936;"Ball";"50492119";51.09;137.30
141;06749143;"Ball";"37444173";5.43;667.05
142;00007201;"Sausages";"52826324";54.14;777.46
143;77135076;"Bacon";"66563394";32.56;804.64
144;09197351;"Chair";"37412129";64.31;704.26
145;62345409;"Hat";"64171664";1.83;704.50
146;62550166;"Computer";"11287620";37.15;731.97
147;73767469;"Pants";"29320851";92.46;737.97
148;56533686;"Hat";"69718198";64.61;549.13
149;94040906;"Salad";"23931669";48.46;816.01
150;59898876;"Pizza";"21566364";11.86;287.20
151;85671452;"Pizza";"52875929";14.13;763.20
152;63473631;"Salad";"37188070";10.22;198.62
153;41965023;"Mouse";"42665660";91.66;573.55
154;55894586;"Chair";"30625716";96.47;533.51
155;13467957;"Mouse";"19249367";74.13;796.64
156;56888130;"Computer";"25225878";71.99;310.82
157;72650350;"Ball";"71787194";86.07;845.17
158;80258696;"Soap";"48303426";98.24;995.29
159;73377148;"Bacon";"03644290";53.07;914.21
160;86301293;"Pants";"31804124";6.21;958.47
161;64879994;"Hat";"98549502";13.99;340.36
162;44326516;"Chips";"26861380";42.62;323.35
163;32594694;"Hat";"27490981";87.59;309.77
164;53663519;"Chicken";"31922613";25.88;166.76
165;89075265;"Salad";"74911293";6.29;125.16
166;57305537;"Sausages";"89717875";15.78;224.81
167;31395440;"Pizza";"16101247";60.54;879.21
168;63327846;"Tuna";"16775094";26.45;561.79
169;50356635;"Gloves";"90672432";42.97;164.21
170;10661963;"Pants";"79938459";20.45;601.70
171;52679269;"Bike";"47260531";69.89;287.05
172;58136466;"Cheese";"01324198";14.72;249.14
173;96190876;"Gloves";"63166913";92.62;366.20
174;33941673;"Computer";"72897616";74.12;422.01
175;70890384;"Chips";"11008451";2.61;784.57
176;71984749;"Table";"85550057";23.76;255.84
177;13767640;"Tuna";"55895514";48.14;877.38
178;22642088;"Gloves";"95049840";10.26;893.83
179;88109453;"Bacon";"68031665";28.25;750.99
180;84592733;"Keyboard";"95702721";20.21;368.17
181;03883863;"Salad";"60900873";5.37;302.97
182;22599960;"Shirt";"67473099";18.24;668.77
183;79188452;"Fish";"12307965";26.79;931.75
184;66531141;"Ball";"53369103";60.38;993.87
185;19299641;"Pants";"54870629";85.52;420.05
186;43114064;"Fish";"42405177";32.09;972.16
187;41452404;"Pizza";"55889646";6.33;576.80
188;09136648;"Cheese";"71982102";92.57;671.35
189;98423194;"Tuna";"14193353";34.61;687.60
190;14129379;"Tuna";"26487985";61.84;481.37
191;59220486;"Salad";"71791041";16.72;150.32
192;57259158;"Gloves";"35747116";95.90;108.94
193;29930910;"Shoes";"79557623";61.85;442.80
194;54185047;"Shirt";"27113968";1.96;430.75
195;43190572;"Car";"98111697";3.47;807.27
196;17939766;"Car";"20787519";36.87;465.65
197;14462841;"Salad";"98626542";3.69;545.43
198;71635003;"Hat";"24617741";88.63;929.98
199;07610006;"Keyboard";"11539663";49.79;206.58
200;02125724;"Chair";"59845149";35.78;270.14
201;96601731;"Keyboard";"67601910";58.47;881.19
202;06124249;"Shoes";"22883639";8.11;599.83
203;89337987;"Chicken";"00840955";28.30;880.16
204;13757560;"Ball";"78937044";91.13;913.82
205;82032621;"Sausages";"44585809";86.92;382.44
206;51926500;"Cheese";"17065528";3.20;752.06
207;18742048;"Sausages";"10001923";88.52;605.26
208;53222547;"Soap";"18692082";31.88;354.91
209;95397820;"Towels";"99661449";97.27;441.60
210;57674264;"Mouse";"70022922";44.40;539.82
211;85728225;"Keyboard";"88620386";21.37;219.67
212;33678773;"Pants";"57660593";90.10;378.91
213;81103351;"Keyboard";"50477330";20.11;612.24
214;88862954;"Bacon";"97671905";71.54;170.78
215;74400227;"Mouse";"53078467";96.05;800.00
216;69875139;"Table";"01317921";55.59;352.05
217;47537131;"Chair";"22393266";23.56;328.25
218;64884740;"Car";"69851099";2.17;323.26
219;95803847;"Shoes";"64242028";52.24;482.00
220;60309978;"Car";"00922602";95.07;265.54
221;25404775;"Hat";"05451063";5.67;211.61
222;26961168;"Keyboard";"45925036";90.52;220.66
223;20293706;"Gloves";"84367629";35.86;501.83
224;01892235;"Fish";"06059277";13.25;589.75
225;91675867;"Pizza";"61348615";85.80;376.18
226;20786562;"Sausages";"27893572";1.58;868.67
227;39079993;"Table";"79330202";21.00;720.17
228;19500518;"Table";"03947990";36.41;391.70
229;40640136;"Soap";"48031061";7.80;261.19
230;68393001;"Chicken";"46937089";99.03;156.05
231;92072266;"Salad";"71613449";6.35;382.70
232;77915383;"Hat";"68477723";80.41;232.99
233;40062945;"Gloves";"47585778";19.12;504.92
234;22548893;"Ball";"20854321";49.21;546.95
235;38121668;"Keyboard";"20327741";50.70;583.88
236;44268461;"Pants";"74840366";11.34;972.81
237;86523998;"Computer";"99887728";41.22;988.61
238;62849651;"Car";"78592247";6.02;936.35
239;76343093;"Fish";"70049074";55.38;204.09
240;45096932;"Chicken";"41960763";57.00;442.52
241;64661954;"Pizza";"79219719";45.46;769.59
242;47046811;"Chips";"12096050";29.57;504.88
243;75595581;"Pants";"99843736";48.36;430.47
244;09620429;"Tuna";"99145786";34.33;634.09
245;67038851;"Sausages";"46107911";82.68;451.39
246;16583241;"Pizza";"92681006";67.78;602.63
247;66488665;"Sausages";"30407003";88.00;426.06
248;65456904;"Pants";"85114950";94.77;271.08
249;27906131;"Chair";"00981306";95.09;167.34
250;71717713;"Mouse";"52416588";77.30;417.34
251;15935232;"Pizza";"24361551";60.02;740.55
252;52380166;"Keyboard";"02427665";47.28;531.90
253;78954629;"Computer";"05072121";96.14;519.89
254;54272065;"Chips";"50363600";72.65;944.01
255;78698705;"Pizza";"12608191";58.30;790.38
256;71340039;"Keyboard";"14017890";22.51;645.81
257;31985209;"Pants";"75663269";17.42;520.88
258;43229700;"Ball";"27037973";4.36;349.11
259;08524306;"Cheese";"83398735";85.70;408.53
260;04089426;"Table";"88417808";27.78;132.36
261;91337345;"Gloves";"77193924";98.75;365.95
262;82859494;"Chair";"20603302";71.51;977.80
263;76745306;"Chicken";"14025457";71.00;573.07
264;81663090;"Bike";"52926489";65.75;937.96
265;25318900;"Soap";"06416565";94.16;410.51
266;45005048;"Bacon";"50142034";15.14;575.27
267;59680361;"Salad";"99502721";34.74;403.05
268;67305122;"Salad";"69726579";11.63;918.06
269;18829242;"Chicken";"01673617";83.73;344.94
270;51048781;"Tuna";"19184676";63.17;390.75
271;29307280;"Shoes";"73683942";54.15;378.56
272;04557828;"Towels";"33606408";89.16;457.98
273;63731473;"Hat";"09948377";7.25;301.55
274;08294089;"Ball";"27001572";58.05;833.69
275;57609029;"Pants";"57596365";6.71;138.81
276;54559838;"Fish";"77892063";84.39;110.01
277;39028746;"Tuna";"44629511";50.09;730.57
278;69067489;"Shoes";"15101505";86.17;868.75
279;33382255;"Gloves";"59369627";62.52;774.68
280;25089992;"Hat";"44642892";49.19;846.73
281;05564769;"Computer";"48003001";82.50;316.04
282;22000721;"Table";"87232734";4.16;887.97
283;20678457;"Bacon";"51148451";14.87;243.47
284;93917153;"Chair";"40500916";94.43;994.21
285;25318253;"Ball";"20602309";49.70;625.73
286;48345831;"Car";"14157664";37.17;569.09
287;38635318;"Pants";"09855088";41.92;404.50
288;27046708;"Bike";"00902740";40.88;138.38
289;32873807;"Tuna";"37655896";14.05;701.80
290;72346971;"Cheese";"82422697";23.86;975.21
291;74308580;"Soap";"20205485";10.83;647.74
292;19274951;"Gloves";"64992208";97.11;368.10
293;17497126;"Cheese";"75284646";74.99;948.91
294;00512015;"Keyboard";"02205296";57.46;692.73
295;27534609;"Pants";"11572563";87.51;920.28
296;12836112;"Bacon";"45105424";79.99;350.92
297;65406733;"Salad";"15471670";49.48;298.61
298;16458966;"Soap";"56215433";58.77;680.53
299;06786275;"Shoes";"96326559";69.28;465.97
300;05925231;"Table";"41918810";4.77;454.13
301;51058914;"Towels";"64703058";99.20;481.22
302;81610555;"Sausages";"91446335";40.85;248.49
303;85994112;"Salad";"53141806";67.49;520.12
304;55756038;"Pants";"05019370";52.76;381.18
305;07214452;"Tuna";"42773905";82.58;306.41
306;04039561;"Soap";"19074318";31.40;885.97
307;28732638;"Pizza";"90663838";25.96;859.60
308;95558229;"Mouse";"01783183";39.19;699.32
309;13986335;"Towels";"94177683";13.80;586.17
310;30827779;"Tuna";"26706670";36.08;936.00
311;07356834;"Table";"10100535";99.20;727.19
312;39599543;"Chicken";"68612377";75.07;680.33
313;00857409;"Computer";"41272849";63.52;133.49
314;88533722;"Pants";"71765977";53.94;553.99
315;20388608;"Computer";"90239738";69.59;821.68
316;12655492;"Hat";"74530340";11.26;621.02
317;58496305;"Sausages";"01126928";9.79;314.28
318;55914456;"Pants";"27670157";16.61;485.21
319;01946049;"Bacon";"75496485";33.59;353.87
320;88069100;"Bacon";"54470625";11.63;290.18
321;10700071;"Shirt";"70746257";66.41;357.04
322;61737421;"Keyboard";"25247636";59.16;285.97
323;42649762;"Chips";"38902132";83.10;523.57
324;37827301;"Computer";"78790291";90.56;688.84
325;66778786;"Gloves";"92446138";79.21;837.36
326;13576851;"Car";"69105816";79.15;178.18
327;49550193;"Soap";"19641432";15.22;576.69
328;64609125;"Hat";"07989082";34.85;284.39
329;28391208;"Salad";"22362654";97.79;191.76
330;42381632;"Gloves";"60247614";7.42;633.58
331;46310118;"Salad";"53607076";95.04;856.06
332;22547501;"Chair";"61333074";31.02;964.03
333;75966655;"Bike";"88377432";59.23;973.78
334;77142291;"Tuna";"48823908";95.77;614.07
335;59772341;"Soap";"91813518";21.72;768.39
336;88905500;"Bacon";"27160604";74.78;545.22
337;60860448;"Cheese";"37471160";32.58;783.42
338;35102076;"Hat";"33528731";7.30;814.16
339;88090911;"Chips";"64703344";92.08;792.63
340;15881098;"Mouse";"68796990";43.17;338.42
341;16907683;"Cheese";"53948243";73.91;129.44
342;94084322;"Cheese";"84477880";38.03;645.26
343;97828114;"Ball";"89258554";7.82;932.73
344;32103239;"Shirt";"50135026";30.16;278.43
345;67036663;"Gloves";"81372621";47.84;201.85
346;01416821;"Mouse";"21227809";6.26;728.49
347;51376250;"Sausages";"38133056";72.97;554.51
348;07350264;"Pizza";"10423246";86.58;289.39
349;18838677;"Mouse";"16907171";47.69;869.36
350;43475535;"Gloves";"76957068";38.30;406.77
351;09482003;"Chicken";"66455096";52.71;139.44
352;35523092;"Bacon";"47323567";66.31;307.00
353;86579578;"Soap";"36528072";28.90;539.97
354;61236153;"Salad";"71960375";73.45;716.56
355;55073040;"Cheese";"33744754";18.14;571.66
356;35722293;"Keyboard";"41826054";33.34;147.18
357;36364978;"Soap";"58120460";49.85;575.96
358;76545562;"Hat";"79582948";41.69;515.43
359;90043645;"Chips";"80321678";13.89;295.50
360;07788527;"Mouse";"37634860";5.12;688.33
361;10533720;"Cheese";"51950733";18.75;219.99
362;15961956;"Chair";"84907194";21.83;693.98
363;38135257;"Bike";"88299544";22.83;117.42
364;98984084;"Ball";"25107219";34.67;523.46
365;23198488;"Bike";"58249543";23.55;109.59
366;97742150;"Table";"15445786";95.69;459.42
367;00762376;"Tuna";"07366028";38.63;718.77
368;80898795;"Pants";"10358812";8.61;902.37
369;75120058;"Sausages";"08769992";87.76;594.57
370;24703083;"Cheese";"45848747";83.61;502.28
371;63036743;"Hat";"66242521";86.37;411.60
372;60366123;"Mouse";"78401634";51.89;856.53
373;78149558;"Hat";"77060924";41.33;108.77
374;12728726;"Bike";"22615133";97.62;641.22
375;96500777;"Cheese";"37982761";44.17;873.09
376;20373399;"Bike";"76760461";17.19;199.66
377;01906951;"Chips";"94798790";84.58;566.05
378;61614895;"Shirt";"52317515";38.93;686.67
379;98209277;"Soap";"45241186";92.98;676.37
380;65391484;"Sausages";"21360088";41.05;570.56
381;99712005;"Chips";"84687856";25.28;776.38
382;60366648;"Fish";"50379680";90.74;445.38
383;14551275;"Shirt";"19693340";54.93;238.59
384;72437250;"Bike";"31153307";83.19;518.31
385;19232294;"Mouse";"55448089";90.70;812.49
386;13455093;"Towels";"93848626";6.47;922.62
387;64969277;"Chips";"65376047";32.87;191.07
388;23735412;"Salad";"87070712";48.36;478.13
389;45931113;"Pizza";"68936776";51.96;866.78
390;05891868;"Shirt";"10775210";35.87;511.28
391;17785666;"Chicken";"48163577";26.14;130.07
392;43300350;"Shirt";"56321027";7.89;772.27
393;86360184;"Shirt";"48813890";64.80;318.74
394;99352489;"Chicken";"66547742";1.16;201.53
395;52835947;"Mouse";"10566106";78.63;338.88
396;17122255;"Hat";"04851324";5.07;392.06
397;70199525;"Bacon";"56292175";43.04;386.05
398;47649536;"Hat";"82902664";90.25;172.98
399;37079698;"Towels";"81885191";79.86;667.82
400;83666943;"Sausages";"64844448";87.38;707.33
401;05019003;"Pants";"30944385";76.43;455.75
402;94963430;"Pizza";"15671236";93.90;857.33
403;22616478;"Cheese";"65861565";50.42;837.35
404;04128480;"Salad";"25550530";35.53;940.58
405;85200918;"Sausages";"68284756";62.51;831.19
406;11967340;"Fish";"06894618";80.94;348.87
407;43455182;"Cheese";"33364284";48.91;339.41
408;49303336;"Fish";"18064286";43.94;496.17
409;69015837;"Soap";"99194062";20.20;985.42
410;22746858;"Cheese";"74610960";25.14;992.29
411;79740397;"Hat";"08271265";21.21;295.95
412;59413469;"Bike";"60756764";3.98;630.57
413;21391041;"Sausages";"11044649";11.20;986.23
414;88698687;"Bacon";"43607796";65.81;285.28
415;50065702;"Hat";"48362326";85.43;328.38
416;61958652;"Tuna";"16061512";32.45;284.45
417;80650479;"Pizza";"58933838";1.29;398.62
418;94498669;"Table";"20303760";65.77;539.97
419;00037884;"Car";"13114212";8.41;816.29
420;54408969;"Chips";"13764106";95.02;354.73
421;49675814;"Cheese";"82800763";1.56;363.33
422;16270779;"Salad";"01185180";31.76;880.91
423;89259703;"Cheese";"26210821";26.88;783.48
424;50922672;"Towels";"94964430";89.28;933.40
425;73256065;"Bike";"62579753";25.17;476.15
426;85992016;"Bike";"02379025";37.41;230.64
427;23872285;"Shoes";"63607906";38.50;127.15
428;68718792;"Computer";"59324790";29.61;673.12
429;05360092;"Bike";"54878343";82.30;579.99
430;18265598;"Chair";"17891532";47.67;712.94
431;79183613;"Shirt";"60283353";56.88;687.34
432;31801189;"Pants";"45124462";10.03;971.10
433;87196295;"Chips";"25694647";38.77;478.56
434;64797352;"Towels";"83561693";46.75;135.42
435;98552456;"Mouse";"80837513";86.32;418.64
436;83829830;"Car";"11828789";39.92;943.77
437;91898666;"Bacon";"76754992";67.96;987.68
438;66897835;"Keyboard";"68782709";95.39;203.68
439;39580619;"Computer";"63880519";92.73;603.22
440;58074869;"Soap";"79782498";62.95;362.71
441;76858645;"Fish";"50959746";24.97;308.32
442;14246550;"Shoes";"41963108";35.49;724.27
443;77671074;"Hat";"04960489";82.76;621.19
444;57569865;"Sausages";"93371267";98.32;297.83
445;43784715;"Shirt";"79902105";60.74;575.65
446;55008249;"Fish";"96695148";81.35;575.28
447;02640796;"Bacon";"72628294";15.26;952.29
448;84269892;"Cheese";"31170747";76.48;703.73
449;86696250;"Soap";"38973418";18.24;704.82
450;55827336;"Chicken";"31908933";19.34;546.88
451;93555030;"Ball";"88220967";2.61;132.96
452;52555142;"Car";"08587240";87.97;761.93
453;17208743;"Towels";"43470766";80.34;329.95
454;73553589;"Soap";"78560257";55.00;241.97
455;25245927;"Chicken";"11886845";70.65;240.77
456;51516981;"Hat";"17881117";17.06;846.77
457;59202891;"Car";"79167027";40.78;404.99
458;83783421;"Chips";"03199518";14.52;147.61
459;67154627;"Table";"31755991";31.11;703.11
460;00551245;"Keyboard";"56104381";89.85;313.14
461;64629804;"Bike";"81593806";10.07;807.15
462;66246379;"Tuna";"52539841";29.45;177.61
463;82447879;"Shoes";"06916896";8.59;179.55
464;54335567;"Chicken";"01483102";97.96;346.04
465;96259852;"Keyboard";"95931186";43.60;244.83
466;33323599;"Chair";"26041054";23.69;683.31
467;23400056;"Towels";"84529946";26.48;380.16
468;50075020;"Gloves";"94078227";61.84;892.12
469;47544602;"Shirt";"29927443";77.62;624.22
470;78102734;"Pizza";"60536372";78.32;869.75
471;33808600;"Towels";"36500178";90.64;378.65
472;52332607;"Towels";"60361161";19.37;966.19
473;63815262;"Sausages";"47877597";35.75;937.86
474;32011014;"Shirt";"92324486";72.94;740.18
475;17546712;"Chips";"19057147";63.78;192.37
476;41247082;"Computer";"06278058";96.75;683.17
477;20276662;"Shoes";"16326913";41.87;354.91
478;10943025;"Computer";"23614107";61.34;755.65
479;58794933;"Chair";"79334799";24.75;642.89
480;57910887;"Pizza";"61303572";6.44;874.68
481;59844411;"Hat";"19719068";36.59;782.27
482;64499096;"Bacon";"98151478";99.94;624.72
483;09515961;"Soap";"20977663";63.95;915.55
484;36836947;"Shoes";"33297545";4.66;238.00
485;05463655;"Keyboard";"64084290";87.17;656.56
486;03324709;"Tuna";"59994488";61.16;811.88
487;17727747;"Computer";"97644802";36.96;467.75
488;73190712;"Shirt";"11198709";30.01;534.83
489;94121492;"Mouse";"70330208";40.41;396.15
490;07785883;"Shoes";"26868700";73.75;353.31
491;34623900;"Chair";"85821032";6.88;732.23
492;66860309;"Chips";"98778438";93.53;425.42
493;05113931;"Hat";"25173950";78.28;827.61
494;78032051;"Pants";"74817996";15.74;775.94
495;84037493;"Shoes";"55748094";3.71;144.06
496;67766368;"Ball";"15738793";90.63;577.03
497;49385003;"Chair";"50300687";6.29;839.66
498;83499467;"Sausages";"83907557";68.92;734.69
499;66741735;"Ball";"57740373";25.54;210.65
500;34081087;"Pants";"78902970";54.04;344.69
501;66141776;"Tuna";"72709793";20.96;172.83
502;30618063;"Bike";"15199922";16.31;937.07
503;81015437;"Salad";"82252503";10.97;514.17
504;06270382;"Shoes";"17163709";35.62;175.37
505;78823218;"Hat";"04904010";27.79;653.05
506;97020550;"Fish";"28022598";46.59;461.95
507;11140494;"Shoes";"34346411";61.29;518.53
508;61553243;"Tuna";"85763824";93.15;732.62
509;33396398;"Keyboard";"16786868";40.81;169.45
510;34049540;"Fish";"97721741";27.32;299.14
511;43243242;"Chair";"04955219";59.25;236.33
512;55419473;"Ball";"69010266";8.83;777.62
513;64303887;"Keyboard";"86846885";98.49;198.75
514;75757609;"Mouse";"48021799";49.82;805.13
515;74179346;"Ball";"42623358";70.01;531.48
516;56172762;"Chair";"35703569";63.03;926.23
517;84029158;"Car";"21199258";95.29;246.10
518;21553420;"Salad";"23784260";38.26;746.17
519;81274833;"Cheese";"11046340";1.63;596.71
520;02800776;"Pants";"73727056";91.51;958.15
521;08971506;"Computer";"14044612";62.90;686.70
522;79655111;"Fish";"97513503";8.52;844.86
523;86390379;"Cheese";"21648623";3.43;130.42
524;49778911;"Soap";"06750286";41.85;851.36
525;48355052;"Chips";"76739934";82.99;884.67
526;67967493;"Computer";"54137913";29.73;916.64
527;75253948;"Mouse";"66102291";4.99;903.56
528;83560174;"Bacon";"00669159";39.61;825.79
529;20172187;"Sausages";"16881303";67.91;649.94
530;18940172;"Salad";"13648594";83.74;497.42
531;42170387;"Cheese";"10809255";59.57;645.79
532;14319099;"Hat";"44475526";41.42;436.70
533;79097719;"Soap";"88265360";99.10;957.14
534;31692516;"Keyboard";"65185033";67.50;444.45
535;13268082;"Hat";"51222778";23.53;611.09
536;90516184;"Towels";"69210575";1.94;435.30
537;03823570;"Cheese";"86815089";73.04;312.70
538;01367834;"Bacon";"71608949";98.98;237.42
539;36494784;"Shirt";"30334473";40.01;435.58
540;22706971;"Fish";"90789383";2.37;376.46
541;62508355;"Fish";"49353570";92.10;867.44
542;30223404;"Soap";"21427347";82.50;531.72
543;58485872;"Bacon";"42838333";56.75;264.55
544;05717469;"Bike";"23930311";95.13;406.96
545;66082085;"Cheese";"85432991";83.18;519.62
546;37197457;"Salad";"14322187";66.37;481.00
547;24451891;"Shoes";"50232771";18.25;255.97
548;32092698;"Gloves";"86624119";23.85;285.60
549;63095941;"Shirt";"75383923";25.40;719.15
550;85056816;"Hat";"98627559";17.30;394.78
551;50006984;"Car";"33411802";64.73;965.38
552;17296155;"Soap";"37537163";99.24;862.85
553;95142751;"Bacon";"55707778";80.63;407.53
554;22496226;"Table";"63068365";99.29;423.26
555;78196299;"Mouse";"50322875";48.85;411.85
556;73166303;"Sausages";"62500623";90.11;645.53
557;92982830;"Fish";"41729851";85.17;166.69
558;74899191;"Bike";"38466925";14.96;695.15
559;48829714;"Table";"06274123";2.58;424.79
560;89440546;"Towels";"11806162";33.84;727.62
561;60986090;"Hat";"81010308";38.93;351.87
562;27164674;"Mouse";"55103731";73.54;297.74
563;92097011;"Table";"27613681";57.35;303.17
564;75982273;"Table";"91424473";89.26;471.99
565;74928481;"Hat";"84118011";44.56;908.45
566;75705179;"Shoes";"55200238";25.14;319.43
567;93479407;"Car";"76193319";93.06;143.67
568;43436299;"Fish";"34714965";40.89;548.53
569;26394855;"Car";"24230322";62.58;614.60
570;75875802;"Chips";"87442525";70.64;248.09
571;23572634;"Ball";"54008370";38.68;263.35
572;84834050;"Salad";"84515426";6.39;730.81
573;73610775;"Soap";"41209525";28.00;204.36
574;47382264;"Computer";"89190049";83.12;292.23
575;34833206;"Pants";"35954344";62.91;734.87
576;76332531;"Shirt";"20472898";75.73;363.38
577;90673694;"Shirt";"86464289";18.06;181.70
578;71476733;"Salad";"29041790";91.89;176.64
579;92707400;"Pizza";"60081733";8.24;986.46
580;78253526;"Table";"69869075";58.44;457.41
581;04365373;"Car";"21615110";15.27;559.79
582;38137278;"Fish";"83948180";80.30;711.92
583;90659800;"Shoes";"13852359";81.17;198.48
584;71023033;"Mouse";"00140676";78.27;510.93
585;33954622;"Pizza";"53859153";56.00;399.67
586;52500405;"Bacon";"21355708";38.83;515.74
587;48645469;"Pizza";"22316873";11.90;475.39
588;98495032;"Computer";"28134585";92.58;288.65
589;79174482;"Shirt";"28864761";31.39;723.84
590;78327322;"Keyboard";"06829550";43.42;486.22
591;24895937;"Shoes";"99213097";87.25;262.85
592;16089057;"Soap";"64373778";78.40;267.22
593;68737232;"Soap";"20873474";68.51;342.74
594;09154141;"Computer";"83444359";65.86;843.44
595;70364829;"Tuna";"31937542";80.22;556.84
596;36069913;"Hat";"48954576";56.56;299.84
597;76611250;"Table";"09195453";23.10;903.28
598;72583285;"Chips";"45158378";67.34;529.41
599;39743198;"Chips";"44384861";30.17;726.89
600;72528339;"Cheese";"67870596";55.07;721.49
601;98011504;"Pizza";"01771133";25.02;587.37
602;18827883;"Bike";"43957422";65.62;630.39
603;01489212;"Fish";"09105743";78.20;130.38
604;62047064;"Computer";"77018068";69.74;724.01
605;09065183;"Pants";"67363655";56.86;169.40
606;59971727;"Pants";"25064462";85.30;116.53
607;89376843;"Chips";"75436982";31.20;247.56
608;74997883;"Cheese";"88212533";58.93;900.46
609;60184960;"Fish";"68852928";44.69;858.92
610;53469538;"Car";"09049931";86.82;600.11
611;75805224;"Shoes";"09991000";33.62;422.97
612;55667357;"Computer";"14892001";46.42;244.32
613;58791287;"Car";"46776603";3.32;672.78
614;04667604;"Mouse";"89161673";55.38;986.42
615;25333154;"Fish";"15422559";31.27;367.30
616;69697868;"Pants";"50653586";53.15;455.25
617;52241888;"Salad";"18968150";27.80;732.17
618;09714866;"Chicken";"40661310";24.06;264.21
619;51760700;"Fish";"65161560";42.22;569.33
620;44416013;"Bacon";"58283028";51.76;414.91
621;83391000;"Mouse";"17262513";25.34;870.81
622;15134610;"Soap";"15695740";22.30;805.04
623;64611984;"Shoes";"86814489";79.76;573.80
624;71613548;"Hat";"63694434";78.30;365.34
625;22190265;"Fish";"56603799";89.03;661.65
626;46199156;"Pants";"36952868";24.20;619.10
627;46297990;"Pizza";"31509875";52.12;120.24
628;89172437;"Shirt";"48576483";35.70;393.20
629;44272033;"Pants";"66532127";71.04;623.12
630;84074387;"Chair";"85523382";44.82;739.82
631;58845001;"Keyboard";"28411334";8.73;615.67
632;26653190;"Gloves";"96763879";72.32;353.73
633;67202201;"Tuna";"23095840";53.77;995.48
634;35956418;"Car";"11068310";59.91;247.50
635;40348652;"Chair";"85846537";69.54;511.84
636;29932660;"Table";"15727843";92.41;715.60
637;00267273;"Cheese";"71406386";51.90;492.11
638;87142936;"Chips";"62582136";96.45;943.85
639;83626535;"Chair";"93707134";66.96;578.85
640;68101907;"Shirt";"32213704";10.37;614.09
641;81370011;"Salad";"82339502";77.57;135.71
642;80473638;"Car";"89729562";68.85;478.11
643;08310733;"Soap";"06593640";82.64;659.87
644;05192185;"Tuna";"13997842";17.90;316.04
645;59896291;"Sausages";"68765085";61.28;951.00
646;79438387;"Chicken";"54945090";19.64;295.45
647;18593712;"Table";"61480790";3.02;961.14
648;37116051;"Soap";"63524701";32.75;297.45
649;88502852;"Car";"91295047";75.27;618.43
650;68441547;"Tuna";"15740122";59.33;301.53
651;40846488;"Shirt";"46094851";23.98;527.44
652;71222363;"Bike";"18268633";55.41;894.34
653;41487969;"Tuna";"61378524";57.31;247.81
654;06796845;"Tuna";"58086343";19.77;869.86
655;14589190;"Table";"93993479";4.93;228.66
656;77599967;"Gloves";"98692414";79.31;322.08
657;90401004;"Chips";"47643177";81.93;492.41
658;08637847;"Towels";"24494187";22.91;769.85
659;40265039;"Gloves";"77106858";36.12;199.46
660;78496011;"Bike";"63066779";55.12;627.46
661;41478203;"Fish";"82172282";11.16;647.11
662;32470732;"Hat";"84870374";78.09;608.53
663;97437394;"Towels";"65621061";2.77;277.72
664;45065647;"Pants";"27452894";70.63;682.01
665;42578621;"Fish";"71563055";18.34;957.40
666;18961356;"Keyboard";"08294102";17.22;512.06
667;06414997;"Computer";"20693057";46.97;409.74
668;90038957;"Pizza";"29385291";66.40;997.26
669;15945403;"Ball";"79691333";33.30;107.40
670;88772202;"Keyboard";"71975789";86.16;221.08
671;11552309;"Table";"88154624";80.49;105.94
672;93511040;"Computer";"47603594";26.08;742.32
673;15800555;"Hat";"84075223";62.36;887.12
674;69601021;"Salad";"76471648";6.56;775.62
675;08551053;"Keyboard";"50563909";32.69;223.77
676;23032135;"Towels";"75878214";20.34;288.69
677;11044697;"Chips";"78312314";45.94;867.38
678;24117734;"Salad";"69320729";16.06;958.52
679;77756040;"Pants";"23908042";22.88;755.13
680;24390593;"Ball";"56824483";76.78;494.47
681;00758904;"Car";"91837996";21.55;549.31
682;07607385;"Cheese";"89989812";23.80;950.37
683;58538591;"Table";"98377475";70.23;420.34
684;26191204;"Computer";"45698611";64.85;446.64
685;26232808;"Bacon";"38939147";44.06;201.29
686;31708313;"Tuna";"68371809";77.02;317.21
687;15285486;"Bike";"24838720";26.85;285.01
688;20014131;"Keyboard";"10599763";15.16;928.53
689;72456981;"Computer";"51653632";43.88;539.04
690;19539800;"Sausages";"28603717";96.41;319.87
691;99245982;"Gloves";"74466285";26.08;585.12
692;90666051;"Computer";"84002160";23.32;686.06
693;44975671;"Cheese";"58788296";71.93;647.40
694;62127274;"Hat";"55901500";52.97;890.03
695;07502893;"Mouse";"40634600";23.19;261.07
696;84475247;"Keyboard";"89647051";52.91;720.34
697;55623541;"Chicken";"85344505";51.28;135.13
698;83452322;"Shirt";"27427853";17.22;619.46
699;12996448;"Fish";"33044062";14.85;316.52
700;41616819;"Salad";"74512453";20.48;520.29
701;09575471;"Salad";"61582613";53.12;564.11
702;78983306;"Shirt";"66029429";94.12;347.99
703;98992334;"Chips";"83131141";25.27;455.11
704;47189199;"Cheese";"95228455";53.18;489.12
705;51611129;"Cheese";"23198484";7.94;758.20
706;83523073;"Table";"22814785";68.28;368.92
707;88581092;"Towels";"00495586";15.51;383.36
708;15159919;"Towels";"00616690";8.00;979.49
709;11934830;"Bacon";"85734012";76.84;340.33
710;76868816;"Sausages";"22342152";16.54;172.97
711;04241085;"Car";"29065252";67.52;369.10
712;61504846;"Keyboard";"76651384";61.01;809.99
713;39934358;"Shoes";"20834660";99.78;734.99
714;16913586;"Cheese";"30063939";77.77;140.31
715;35026064;"Salad";"77590568";57.05;708.38
716;05206163;"Salad";"34583052";75.34;367.83
717;33204118;"Car";"92928891";35.64;399.77
718;23358840;"Towels";"46188139";33.79;808.30
719;62321383;"Ball";"26427217";97.34;659.72
720;89471171;"Pizza";"93922355";10.43;856.72
721;48256828;"Hat";"36295526";6.60;824.54
722;04316646;"Shoes";"94501062";6.94;470.39
723;27251791;"Pizza";"74825054";1.38;476.11
724;39058131;"Table";"82627722";3.54;264.21
725;97473489;"Car";"12799998";38.59;483.33
726;01988237;"Ball";"13256480";80.50;871.92
727;22306213;"Hat";"19763656";96.29;119.03
728;58687503;"Towels";"66078168";5.89;593.26
729;91289160;"Bike";"72543953";26.34;501.46
730;06706811;"Car";"19104364";78.24;377.17
731;28790834;"Keyboard";"23124380";94.73;763.21
732;89551186;"Pizza";"34401008";62.25;212.58
733;95544810;"Towels";"43480301";10.62;747.22
734;32080411;"Chips";"83303324";24.39;958.85
735;32223900;"Gloves";"03809825";45.12;685.46
736;50831039;"Pants";"84519978";48.85;240.33
737;88843703;"Hat";"49131741";90.99;692.54
738;70539675;"Bacon";"80977915";38.61;309.85
739;25502314;"Bacon";"69714134";18.39;344.84
740;37140974;"Computer";"70217433";22.68;845.81
741;10511850;"Table";"82075511";92.40;888.73
742;90354037;"Ball";"50632822";75.83;394.67
743;43048519;"Hat";"26650364";62.68;839.85
744;02237061;"Shoes";"33189724";99.95;237.21
745;15278168;"Salad";"51491212";93.75;132.21
746;69978348;"Chips";"60581914";44.05;897.17
747;78738975;"Shoes";"97784114";98.50;489.53
748;21927623;"Bike";"60602018";14.97;175.72
749;31974351;"Bike";"82613826";67.72;267.65
750;59895184;"Table";"03543108";17.28;141.18
751;45991714;"Mouse";"11455059";39.74;858.02
752;41855785;"Cheese";"68193101";30.65;387.56
753;01014929;"Shirt";"48462654";83.03;475.13
754;37396220;"Cheese";"27159842";66.84;621.21
755;57447222;"Chicken";"37669276";27.30;835.82
756;89138840;"Table";"02644137";97.73;927.71
757;91206994;"Computer";"09653383";87.76;965.64
758;47935310;"Computer";"19719863";32.74;637.42
759;51185129;"Chips";"10673189";87.04;770.05
760;24566345;"Chicken";"39655914";76.64;714.13
761;42330757;"Shirt";"88065046";80.96;616.13
762;95368803;"Bacon";"73524587";56.62;841.67
763;78316130;"Shoes";"23657541";39.30;867.30
764;10423975;"Sausages";"98749482";91.94;277.07
765;62195563;"Bike";"25315833";4.64;509.84
766;48338123;"Bike";"13361771";87.14;987.27
767;76755942;"Shoes";"95472253";74.64;228.33
768;62338166;"Chips";"67932935";20.41;837.38
769;48662809;"Towels";"12589265";21.39;763.94
770;95301796;"Gloves";"15468235";34.74;727.84
771;25197240;"Table";"54345744";56.25;961.54
772;53042731;"Table";"07016069";4.60;464.31
773;56169839;"Fish";"69432350";6.41;795.14
774;77709922;"Cheese";"40025977";55.53;214.29
775;27369491;"Bike";"26825956";40.09;199.92
776;88816335;"Bike";"66487875";9.99;748.36
777;65985076;"Shoes";"19965246";86.39;220.56
778;87766732;"Soap";"74625552";3.29;778.59
779;85644884;"Keyboard";"88130695";27.68;196.34
780;42751905;"Pizza";"91403449";45.11;457.16
781;83175377;"Hat";"01813170";89.92;566.34
782;67054950;"Mouse";"42755530";95.54;458.00
783;81177684;"Pizza";"21607254";6.94;646.36
784;95606270;"Towels";"16584266";43.52;292.41
785;16013054;"Chicken";"60688250";6.67;520.84
786;44776090;"Mouse";"22662889";55.75;516.61
787;78596951;"Gloves";"48024364";6.95;435.46
788;63128802;"Cheese";"38573607";73.30;599.94
789;39116035;"Shoes";"49146659";20.75;209.51
790;35375511;"Computer";"90736580";26.82;725.67
791;14235962;"Chair";"32006928";34.45;568.94
792;75209119;"Pizza";"97432657";11.22;911.74
793;44659094;"Tuna";"41360790";48.81;254.12
794;41296321;"Towels";"14416101";2.69;650.04
795;31367156;"Cheese";"46838197";70.27;664.58
796;99244208;"Towels";"59609489";69.76;836.38
797;54765733;"Fish";"87614252";32.87;462.63
798;79532915;"Soap";"67598127";44.11;987.66
799;60406114;"Ball";"29728515";47.79;270.49
800;69993666;"Soap";"16792265";79.82;655.56
801;81494664;"Ball";"13623612";83.27;222.28
802;87452019;"Ball";"77783701";31.02;856.55
803;19329301;"Bacon";"08964607";49.39;462.96
804;23114744;"Hat";"55353327";93.58;427.82
805;55734578;"Bacon";"86519969";16.49;350.95
806;08349860;"Chicken";"76144495";66.42;111.31
807;56347258;"Pizza";"28286993";64.33;574.81
808;21886650;"Bacon";"89719885";52.91;607.98
809;41962728;"Mouse";"13988195";85.04;168.05
810;42693913;"Salad";"86548644";36.89;162.73
811;79507020;"Towels";"71133159";68.57;892.11
812;16550560;"Bacon";"36899941";68.78;923.70
813;55938723;"Shoes";"67559421";98.26;641.37
814;74016478;"Fish";"01575648";86.72;819.94
815;63532429;"Bacon";"19590500";85.02;377.98
816;65446863;"Pizza";"15936126";9.12;336.19
817;39380557;"Hat";"18066477";87.90;169.53
818;54398659;"Pants";"89529998";77.47;781.50
819;06145983;"Pizza";"70487143";8.01;814.64
820;36726262;"Chicken";"85496230";55.40;349.44
821;54585860;"Table";"70389468";5.65;936.09
822;09631811;"Hat";"77206356";24.95;329.05
823;46273309;"Bacon";"02451101";6.85;688.33
824;12690184;"Mouse";"95114084";51.03;166.13
825;91376648;"Fish";"45957602";52.00;948.22
826;31601918;"Pizza";"01015470";99.63;783.31
827;58582978;"Towels";"68910176";36.68;510.11
828;43191518;"Gloves";"39862633";90.08;909.47
829;80970799;"Chicken";"30040144";89.84;462.98
830;75842434;"Shirt";"79762611";84.43;443.59
831;65412034;"Car";"82480585";38.90;525.43
832;13922404;"Hat";"24920201";57.43;510.24
833;12537885;"Cheese";"81268068";32.22;867.43
834;24010099;"Ball";"95844232";55.64;140.84
835;73448532;"Fish";"71293815";73.15;335.92
836;78335064;"Pizza";"28852385";42.88;598.05
837;34979732;"Salad";"40585746";21.77;115.00
838;26346178;"Bike";"41433986";6.84;712.38
839;20292169;"Computer";"49303602";1.61;921.38
840;71219140;"Table";"75561526";31.52;916.45
841;85335277;"Salad";"18416053";41.25;150.57
842;95289890;"Cheese";"11880733";9.06;556.73
843;34262777;"Mouse";"55500586";52.23;309.58
844;77425852;"Salad";"23350032";72.51;226.24
845;18862000;"Hat";"73585419";64.57;557.59
846;04030255;"Car";"28541545";51.82;220.81
847;41003047;"Mouse";"91954057";24.10;368.93
848;13385374;"Soap";"41179487";27.43;657.61
849;41553916;"Ball";"82765272";82.33;889.23
850;72275409;"Soap";"67845158";69.89;214.63
851;96323636;"Chips";"30074235";99.01;573.16
852;70972070;"Soap";"68893631";90.72;646.53
853;08924822;"Pants";"77464150";89.40;404.90
854;80183006;"Soap";"23557571";71.02;209.17
855;22907787;"Salad";"12098897";1.33;701.02
856;66748952;"Shoes";"82276383";27.22;988.51
857;58187898;"Chair";"72064109";20.54;155.20
858;26713378;"Hat";"72795844";99.28;382.86
859;32124117;"Table";"78887779";56.90;423.35
860;48997295;"Cheese";"83164716";40.45;966.84
861;19475964;"Towels";"26976022";81.90;706.62
862;30114790;"Shoes";"60891027";61.10;167.20
863;13897351;"Ball";"80942604";82.82;205.13
864;66529263;"Gloves";"77200331";24.56;238.84
865;85128431;"Salad";"47090199";73.25;872.45
866;53748566;"Fish";"60648749";61.05;986.48
867;66779143;"Bike";"64128178";3.10;723.02
868;93137339;"Salad";"35463456";59.41;863.58
869;36203503;"Chair";"20207246";20.38;134.78
870;95044757;"Tuna";"92102463";6.67;814.83
871;72656983;"Gloves";"18583025";3.99;209.48
872;64564460;"Keyboard";"35942659";55.55;538.89
873;64680291;"Chips";"92841261";39.99;386.62
874;83136983;"Salad";"55721424";64.28;768.07
875;12508416;"Chips";"69800642";85.13;764.67
876;40285479;"Sausages";"55221888";51.10;582.73
877;01475779;"Soap";"25673632";74.19;230.30
878;01821749;"Soap";"09650603";90.61;252.96
879;11994806;"Computer";"44531380";9.59;997.96
880;92478043;"Chicken";"28602875";58.22;603.77
881;44586765;"Hat";"26410417";85.83;639.92
882;51103641;"Tuna";"70075850";37.03;373.50
883;62213291;"Shoes";"36722969";97.12;770.34
884;84825067;"Shoes";"10513899";53.02;295.40
885;95698764;"Hat";"38890372";19.82;894.18
886;26907786;"Bacon";"16863607";95.17;327.30
887;94671504;"Ball";"95300980";63.34;686.02
888;12648708;"Gloves";"08751730";52.48;775.56
889;60886393;"Shirt";"67570674";83.44;716.64
890;48146037;"Ball";"00087646";47.06;248.29
891;82310462;"Car";"92211390";56.78;499.11
892;22043792;"Soap";"39430654";77.40;989.74
893;50474160;"Ball";"43906914";50.23;943.71
894;77213748;"Pizza";"76267786";7.81;607.10
895;23450476;"Shoes";"49515449";79.58;347.78
896;80602285;"Towels";"10715768";80.26;456.10
897;68794092;"Sausages";"57029513";79.65;503.99
898;97559832;"Car";"21037742";27.55;270.56
899;72815004;"Pizza";"95070841";67.06;714.96
900;07987151;"Car";"86376110";31.85;247.67
901;91499070;"Hat";"24403908";71.57;158.40
902;73429056;"Pants";"99494261";24.18;409.25
903;39701716;"Hat";"30618226";87.09;886.79
904;96065566;"Towels";"22465596";10.83;565.09
905;84088006;"Bike";"80066949";95.92;530.33
906;19612054;"Bike";"42090447";45.79;434.91
907;62827906;"Pizza";"69429101";64.38;429.46
908;80712501;"Mouse";"40617534";97.93;814.91
909;46724425;"Car";"64292289";27.33;480.66
910;93390006;"Keyboard";"66621260";55.62;965.82
911;80120450;"Tuna";"72489850";60.83;863.10
912;61194214;"Fish";"17193740";12.30;830.70
913;52239675;"Chips";"85794170";8.25;242.10
914;80532314;"Mouse";"28235993";36.51;882.72
915;50592882;"Sausages";"95051953";99.75;256.08
916;75976388;"Gloves";"20160565";10.19;209.74
917;32462067;"Bike";"24709221";11.05;617.05
918;16640986;"Pants";"90490079";50.19;640.39
919;53489481;"Shoes";"98457713";43.35;958.26
920;99440263;"Chicken";"28585384";96.05;673.39
921;00051407;"Chips";"72695639";4.85;261.72
922;43087226;"Chips";"07996514";8.39;364.59
923;10131115;"Cheese";"76355076";58.92;933.82
924;63519795;"Computer";"37707188";29.11;389.41
925;26600745;"Chips";"95952810";33.67;952.77
926;92487748;"Gloves";"06433558";2.57;328.95
927;25246727;"Gloves";"28894513";72.28;311.99
928;87034047;"Bike";"06171397";48.31;258.12
929;52101238;"Keyboard";"60526427";20.85;947.62
930;75081935;"Tuna";"83761880";28.31;582.57
931;34856954;"Shirt";"49060074";40.60;853.22
932;92848714;"Soap";"02267811";45.06;920.26
933;97437865;"Shirt";"06389156";33.09;367.14
934;10769355;"Chicken";"58461253";35.21;772.02
935;80123620;"Shirt";"31229616";68.56;734.54
936;76765883;"Fish";"32203370";6.25;653.16
937;21488110;"Shirt";"19027474";79.59;856.13
938;30347462;"Mouse";"69614638";66.53;966.54
939;87217758;"Pants";"67924416";10.10;639.22
940;53337885;"Pizza";"19272467";87.42;727.94
941;96738642;"Car";"43943734";21.45;224.80
942;39465689;"Gloves";"72505594";46.69;905.47
943;42636950;"Chips";"63499023";94.18;301.81
944;49815706;"Chicken";"64972560";52.91;352.44
945;15525903;"Soap";"35477082";13.97;567.83
946;15129573;"Chair";"53183036";8.95;209.55
947;09869803;"Pants";"25593618";35.85;260.61
948;39705468;"Cheese";"95994521";79.72;369.83
949;78154348;"Soap";"84666908";21.54;607.01
950;74751471;"Gloves";"50967137";78.63;377.23
951;09878986;"Car";"23886307";54.19;917.67
952;57723388;"Keyboard";"04998816";93.09;676.38
953;07073859;"Gloves";"03583054";62.93;632.30
954;93958519;"Chips";"80996784";52.91;168.88
955;32198338;"Mouse";"33889752";28.08;839.67
956;57359496;"Shirt";"91663483";60.38;988.02
957;29905896;"Shirt";"84105437";47.76;526.04
958;56240869;"Bike";"56144689";62.57;155.20
959;15444451;"Shirt";"28233992";80.70;424.57
960;93281114;"Fish";"92129246";77.73;788.05
961;12962707;"Fish";"71329776";51.36;881.13
962;24039963;"Ball";"34685266";25.80;760.36
963;40745272;"Car";"76565345";81.91;292.81
964;14616994;"Keyboard";"96033203";55.86;187.50
965;24344767;"Sausages";"48359399";61.60;810.82
966;71786254;"Bacon";"66198974";95.88;729.68
967;32432615;"Bike";"02180260";24.81;696.17
968;52846167;"Computer";"43263397";34.76;427.37
969;22698336;"Keyboard";"68190853";12.27;397.33
970;16762835;"Towels";"06204576";22.86;264.17
971;23127255;"Tuna";"74034924";89.27;744.96
972;57554453;"Salad";"61430877";81.13;944.03
973;29356497;"Chicken";"99665256";49.84;684.88
974;15116585;"Chips";"61519261";89.03;802.12
975;53866094;"Tuna";"87266796";19.02;218.62
976;94755529;"Mouse";"57777969";45.67;613.86
977;13087242;"Cheese";"42681087";14.32;315.88
978;55540218;"Chair";"74666124";87.68;661.59
979;89735655;"Tuna";"75741780";10.06;955.02
980;70992377;"Chair";"86144514";63.28;796.66
981;05632120;"Computer";"63681923";87.54;138.28
982;13341215;"Chicken";"32302125";4.75;689.73
983;58184417;"Pants";"45236860";60.91;114.38
984;82789642;"Hat";"00152374";34.00;995.23
985;73699978;"Car";"52340784";66.45;791.73
986;44059418;"Cheese";"61025291";19.73;806.90
987;20182137;"Keyboard";"98411942";79.89;775.96
988;12445503;"Towels";"68708213";92.59;160.85
989;93270469;"Shirt";"02565947";26.58;927.09
990;35800462;"Car";"98437158";3.03;654.41
991;01915707;"Car";"81022152";61.53;603.63
992;88964289;"Pants";"39472117";37.12;220.19
993;80389698;"Keyboard";"04476153";40.30;756.76
994;40294181;"Shirt";"42138220";88.95;718.20
995;09078799;"Gloves";"69024473";77.99;485.76
996;14122107;"Towels";"19994755";15.31;582.60
997;94916182;"Soap";"76093823";39.61;887.52
998;70072653;"Tuna";"09690221";9.59;434.94
999;93459075;"Salad";"80935478";60.28;806.93
1000;14241461;"Car";"72518234";81.25;847.86